{"cameraMode":{"drawMode":0,"name":"Shaded","section":"Shading Mode"},"sceneLighting":true,"audioPlay":false,"sceneViewState":{"showFog":false,"showMaterialUpdate":false,"showSkybox":true,"showFlares":true,"showImageEffects":true,"showParticleSystems":true},"in2DMode":false,"pivot":{"x":45.31995391845703,"y":-1.2650070190429688,"z":-32.69783020019531},"rotation":{"x":-0.09504100680351258,"y":-0.7753669023513794,"z":0.12027484178543091,"w":-0.612652599811554},"size":10.105188369750977,"orthographic":false}
