{"cameraMode":{"drawMode":0,"name":"Shaded","section":"Shading Mode"},"sceneLighting":true,"audioPlay":false,"sceneViewState":{"showFog":false,"showMaterialUpdate":false,"showSkybox":true,"showFlares":true,"showImageEffects":true,"showParticleSystems":true},"in2DMode":false,"pivot":{"x":72.8358154296875,"y":-8.903841018676758,"z":-40.06736373901367},"rotation":{"x":-0.12875588238239289,"y":-0.6413443088531494,"z":0.11035209894180298,"w":-0.7482858300209045},"size":51.320465087890628,"orthographic":false}