{"cameraMode":{"drawMode":0,"name":"Shaded","section":"Shading Mode"},"sceneLighting":false,"audioPlay":false,"sceneViewState":{"showFog":false,"showMaterialUpdate":false,"showSkybox":false,"showFlares":true,"showImageEffects":true,"showParticleSystems":true},"in2DMode":false,"pivot":{"x":10.246763229370118,"y":-2.9855775833129885,"z":0.4144716262817383},"rotation":{"x":0.20693162083625794,"y":-0.792922854423523,"z":0.4137098491191864,"w":0.39660879969596865},"size":26.46634864807129,"orthographic":false}