{"cameraMode":{"drawMode":0,"name":"Shaded","section":"Shading Mode"},"sceneLighting":false,"audioPlay":false,"sceneViewState":{"showFog":true,"showMaterialUpdate":false,"showSkybox":false,"showFlares":true,"showImageEffects":true,"showParticleSystems":true},"in2DMode":false,"pivot":{"x":7234.47021484375,"y":8034.45703125,"z":7010.46533203125},"rotation":{"x":0.10014601796865463,"y":0.3861960470676422,"z":-0.042222872376441959,"w":0.9159922003746033},"size":5162.30517578125,"orthographic":false}