{"cameraMode":{"drawMode":0,"name":"Shaded","section":"Shading Mode"},"sceneLighting":true,"audioPlay":false,"sceneViewState":{"showFog":false,"showMaterialUpdate":false,"showSkybox":true,"showFlares":true,"showImageEffects":true,"showParticleSystems":true},"in2DMode":false,"pivot":{"x":63.893104553222659,"y":-21.111291885375978,"z":-38.47431182861328},"rotation":{"x":-0.1914234161376953,"y":-0.7742468118667603,"z":0.27640625834465029,"w":-0.536199152469635},"size":19.463672637939454,"orthographic":false}