{"cameraMode":{"drawMode":0,"name":"Shaded","section":"Shading Mode"},"sceneLighting":true,"audioPlay":false,"sceneViewState":{"showFog":true,"showMaterialUpdate":false,"showSkybox":true,"showFlares":true,"showImageEffects":true,"showParticleSystems":true},"in2DMode":false,"pivot":{"x":12.846701622009278,"y":0.9901185035705566,"z":-21.36018943786621},"rotation":{"x":0.36372342705726626,"y":-0.1690751612186432,"z":0.06731543689966202,"w":0.9135681986808777},"size":20.187936782836915,"orthographic":false}