{"cameraMode":{"drawMode":0,"name":"Shaded","section":"Shading Mode"},"sceneLighting":false,"audioPlay":false,"sceneViewState":{"showFog":false,"showMaterialUpdate":false,"showSkybox":false,"showFlares":true,"showImageEffects":true,"showParticleSystems":true},"in2DMode":false,"pivot":{"x":0.027286052703857423,"y":0.39295080304145815,"z":-0.030729293823242189},"rotation":{"x":-0.021008428186178209,"y":0.9501922130584717,"z":-0.06566695123910904,"w":-0.30395495891571047},"size":0.411349892616272,"orthographic":false}