{"cameraMode":{"drawMode":0,"name":"Shaded","section":"Shading Mode"},"sceneLighting":true,"audioPlay":false,"sceneViewState":{"showFog":false,"showMaterialUpdate":false,"showSkybox":true,"showFlares":true,"showImageEffects":true,"showParticleSystems":true},"in2DMode":false,"pivot":{"x":22.939533233642579,"y":1.5873161554336548,"z":1.7822363376617432},"rotation":{"x":0.032017990946769717,"y":0.9595161080360413,"z":0.12214214354753494,"w":-0.2519310414791107},"size":5.382883071899414,"orthographic":false}