{"cameraMode":{"drawMode":0,"name":"Shaded","section":"Shading Mode"},"sceneLighting":true,"audioPlay":false,"sceneViewState":{"showFog":false,"showMaterialUpdate":false,"showSkybox":true,"showFlares":true,"showImageEffects":true,"showParticleSystems":true},"in2DMode":false,"pivot":{"x":44.65966033935547,"y":2.4789891242980959,"z":-49.00718688964844},"rotation":{"x":0.040215469896793368,"y":-0.9417229294776917,"z":0.12157242745161057,"w":0.31120067834854128},"size":7.449254989624023,"orthographic":false}