{"cameraMode":{"drawMode":0,"name":"Shaded","section":"Shading Mode"},"sceneLighting":false,"audioPlay":false,"sceneViewState":{"showFog":false,"showMaterialUpdate":false,"showSkybox":false,"showFlares":true,"showImageEffects":true,"showParticleSystems":true},"in2DMode":false,"pivot":{"x":-0.6203562617301941,"y":-0.3674163818359375,"z":-0.5566389560699463},"rotation":{"x":0.02570362016558647,"y":0.9694885015487671,"z":-0.2142530381679535,"w":0.11630827933549881},"size":1.9672069549560547,"orthographic":false}