{"cameraMode":{"drawMode":0,"name":"Shaded","section":"Shading Mode"},"sceneLighting":false,"audioPlay":false,"sceneViewState":{"showFog":false,"showMaterialUpdate":false,"showSkybox":false,"showFlares":true,"showImageEffects":true,"showParticleSystems":true},"in2DMode":false,"pivot":{"x":-0.037700116634368899,"y":0.24977874755859376,"z":-0.038005709648132327},"rotation":{"x":0.23628632724285127,"y":0.3028389513492584,"z":-0.07777860015630722,"w":0.9200044274330139},"size":3.978311538696289,"orthographic":true}