{"cameraMode":{"drawMode":0,"name":"Shaded","section":"Shading Mode"},"sceneLighting":false,"audioPlay":false,"sceneViewState":{"showFog":true,"showMaterialUpdate":false,"showSkybox":false,"showFlares":true,"showImageEffects":true,"showParticleSystems":true},"in2DMode":false,"pivot":{"x":0.17747128009796143,"y":1.890568733215332,"z":0.21481040120124818},"rotation":{"x":0.09114637225866318,"y":0.8761394619941711,"z":-0.18290792405605317,"w":0.4365960657596588},"size":3.934558391571045,"orthographic":false}