{"cameraMode":{"drawMode":0,"name":"Shaded","section":"Shading Mode"},"sceneLighting":true,"audioPlay":false,"sceneViewState":{"showFog":false,"showMaterialUpdate":false,"showSkybox":true,"showFlares":true,"showImageEffects":true,"showParticleSystems":true},"in2DMode":false,"pivot":{"x":7.905864715576172,"y":7.1588897705078129,"z":-50.55588912963867},"rotation":{"x":-0.1458805352449417,"y":0.8536252975463867,"z":-0.33748969435691836,"w":-0.3689848482608795},"size":60.14325714111328,"orthographic":false}