{"cameraMode":{"drawMode":0,"name":"Shaded","section":"Shading Mode"},"sceneLighting":true,"audioPlay":false,"sceneViewState":{"showFog":false,"showMaterialUpdate":false,"showSkybox":true,"showFlares":true,"showImageEffects":true,"showParticleSystems":true},"in2DMode":false,"pivot":{"x":44.916011810302737,"y":1.8792927265167237,"z":-38.12643814086914},"rotation":{"x":0.059111587703228,"y":-0.4660590589046478,"z":0.03121832385659218,"w":0.8822478652000427},"size":8.286368370056153,"orthographic":false}