{"cameraMode":{"drawMode":0,"name":"Shaded","section":"Shading Mode"},"sceneLighting":false,"audioPlay":false,"sceneViewState":{"showFog":false,"showMaterialUpdate":false,"showSkybox":false,"showFlares":true,"showImageEffects":true,"showParticleSystems":true},"in2DMode":false,"pivot":{"x":5.960464477539063e-8,"y":0.06822937726974487,"z":5.960464477539063e-8},"rotation":{"x":0.0463084951043129,"y":-0.9018546342849731,"z":0.09996925294399262,"w":0.4177604913711548},"size":0.5443502068519592,"orthographic":false}