{"cameraMode":{"drawMode":0,"name":"Shaded","section":"Shading Mode"},"sceneLighting":false,"audioPlay":false,"sceneViewState":{"showFog":false,"showMaterialUpdate":false,"showSkybox":false,"showFlares":true,"showImageEffects":true,"showParticleSystems":true},"in2DMode":false,"pivot":{"x":0.02127814292907715,"y":4.431829452514648,"z":-0.0802767276763916},"rotation":{"x":-0.010767016559839249,"y":0.9632232189178467,"z":-0.03903142362833023,"w":-0.26564821600914},"size":5.914689064025879,"orthographic":false}