{"cameraMode":{"drawMode":0,"name":"Shaded","section":"Shading Mode"},"sceneLighting":true,"audioPlay":false,"sceneViewState":{"showFog":false,"showMaterialUpdate":false,"showSkybox":true,"showFlares":true,"showImageEffects":true,"showParticleSystems":true},"in2DMode":false,"pivot":{"x":44.642269134521487,"y":-0.6063201427459717,"z":-42.197242736816409},"rotation":{"x":-0.14646215736865998,"y":-0.8523392081260681,"z":0.37850791215896609,"w":-0.3299638330936432},"size":11.316139221191407,"orthographic":false}