{"cameraMode":{"drawMode":0,"name":"Shaded","section":"Shading Mode"},"sceneLighting":false,"audioPlay":false,"sceneViewState":{"showFog":false,"showMaterialUpdate":false,"showSkybox":false,"showFlares":true,"showImageEffects":true,"showParticleSystems":true},"in2DMode":false,"pivot":{"x":104.5478515625,"y":-23.515838623046876,"z":-30.7705078125},"rotation":{"x":0.015312428586184979,"y":0.19138240814208985,"z":0.0029874437022954227,"w":-0.9813947677612305},"size":130.94912719726563,"orthographic":true}