{"cameraMode":{"drawMode":0,"name":"Shaded","section":"Shading Mode"},"sceneLighting":true,"audioPlay":false,"sceneViewState":{"showFog":false,"showMaterialUpdate":false,"showSkybox":true,"showFlares":true,"showImageEffects":true,"showParticleSystems":true},"in2DMode":false,"pivot":{"x":39.34375,"y":-13.467453002929688,"z":-52.21977233886719},"rotation":{"x":0.11728200316429138,"y":0.8583294749259949,"z":-0.2259443700313568,"w":0.44554492831230166},"size":43.26691818237305,"orthographic":false}