{"cameraMode":{"drawMode":0,"name":"Shaded","section":"Shading Mode"},"sceneLighting":true,"audioPlay":false,"sceneViewState":{"showFog":false,"showMaterialUpdate":false,"showSkybox":true,"showFlares":true,"showImageEffects":true,"showParticleSystems":true},"in2DMode":false,"pivot":{"x":-0.5920085906982422,"y":4.6890363693237309,"z":-65.82881164550781},"rotation":{"x":-0.08883118629455567,"y":0.8879350423812866,"z":-0.19343812763690949,"w":-0.407763808965683},"size":13.721733093261719,"orthographic":false}