{"cameraMode":{"drawMode":0,"name":"Shaded","section":"Shading Mode"},"sceneLighting":false,"audioPlay":false,"sceneViewState":{"showFog":false,"showMaterialUpdate":false,"showSkybox":false,"showFlares":true,"showImageEffects":true,"showParticleSystems":true},"in2DMode":false,"pivot":{"x":-1.0261650085449219,"y":0.09641039371490479,"z":-0.19948196411132813},"rotation":{"x":-0.024039627984166147,"y":0.9144728779792786,"z":-0.05493432655930519,"w":-0.40017953515052798},"size":4.602663516998291,"orthographic":false}