{"cameraMode":{"drawMode":0,"name":"Shaded","section":"Shading Mode"},"sceneLighting":false,"audioPlay":false,"sceneViewState":{"showFog":false,"showMaterialUpdate":false,"showSkybox":false,"showFlares":true,"showImageEffects":true,"showParticleSystems":true},"in2DMode":false,"pivot":{"x":0.05203676223754883,"y":-0.6326826810836792,"z":0.010661691427230835},"rotation":{"x":0.15132750570774079,"y":0.6675190329551697,"z":-0.14123019576072694,"w":0.7152430415153503},"size":2.502225160598755,"orthographic":false}